"DateTime","Players","Final","Label"
2022-02-24,4.04325318203591,-3.35089218182048,0
2022-02-25,5.76864832490344,-3.35089218182048,0
2022-02-25,5.76864832490344,0.807059458104816,0
2022-02-26,6.58171822125752,0.807059458104816,1
2022-02-27,6.83479624241776,0.807059458104816,0
2022-02-28,6.22526497517486,0.807059458104816,0
2022-03-01,6.29974222140202,0.807059458104816,0
2022-03-02,6.26212524244285,0.807059458104816,1
2022-03-03,6.24021423502944,0.807059458104816,0
2022-03-04,6.55462794271339,0.807059458104816,1
2022-03-05,7.35430404213365,0.807059458104816,0
2022-03-06,7.27664860680355,0.807059458104816,0
2022-03-07,6.07312388570993,0.807059458104816,0
2022-03-08,5.89024348576787,0.807059458104816,0
2022-03-09,5.54404788705449,0.807059458104816,0
2022-03-10,5.25484108659441,0.807059458104816,0
2022-03-11,5.47960968259695,0.807059458104816,0
2022-03-12,6.2768390808824,0.807059458104816,0
2022-03-13,6.06684317867317,0.807059458104816,0
2022-03-14,4.68272500852637,0.807059458104816,0
2022-03-15,4.47393143711534,0.807059458104816,0
2022-03-16,4.29503638541347,0.807059458104816,0
2022-03-17,4.27581590845758,0.807059458104816,1
2022-03-18,4.47994309110635,0.807059458104816,1
2022-03-19,5.32724157962467,0.807059458104816,0
2022-03-20,5.17682411123408,0.807059458104816,0
2022-03-21,3.79317678391735,0.807059458104816,0
2022-03-22,3.60176235768034,0.807059458104816,0
2022-03-23,3.24372842495389,0.807059458104816,1
2022-03-24,3.27378669490897,0.807059458104816,0
2022-03-25,3.37421915214349,0.807059458104816,0
2022-03-26,4.07490895445014,0.807059458104816,0
2022-03-27,3.9343119222295,0.807059458104816,0
2022-03-28,2.82681391474621,0.807059458104816,0
2022-03-29,2.69681084620204,0.807059458104816,0
2022-03-30,2.52341456612272,0.807059458104816,0
2022-03-31,2.43628341883755,0.807059458104816,0
2022-04-01,2.49620657687108,0.807059458104816,0
2022-04-02,3.16445026344161,0.807059458104816,0
2022-04-03,3.18193030350779,0.807059458104816,0
2022-04-04,2.1909743043734,0.807059458104816,1
2022-04-05,2.0114318437802,0.807059458104816,0
2022-04-06,1.86177949498847,0.807059458104816,0
2022-04-07,1.75674791225313,0.807059458104816,0
2022-04-08,1.90487002184715,0.807059458104816,0
2022-04-09,2.4302465411235,0.807059458104816,0
2022-04-10,2.27959365131788,0.807059458104816,0
2022-04-11,1.5074870811795,0.807059458104816,0
2022-04-12,1.40495264702505,0.807059458104816,0
2022-04-13,1.3128356104858,0.807059458104816,0
2022-04-14,1.31011985630524,0.807059458104816,0
2022-04-15,1.60737302441484,0.807059458104816,0
2022-04-16,1.71001676136913,0.807059458104816,0
2022-04-17,1.58000528491728,0.807059458104816,0
2022-04-18,1.3544631614082,0.807059458104816,0
2022-04-19,1.00483713636149,0.807059458104816,1
2022-04-20,1.03914139969484,0.807059458104816,0
2022-04-21,0.989442257399882,0.807059458104816,0
2022-04-22,1.06555063771691,0.807059458104816,0
2022-04-23,1.34432322474643,0.807059458104816,0
2022-04-24,1.33480547325296,0.807059458104816,0
2022-04-25,0.786710787425944,0.807059458104816,0
2022-04-26,0.698915415434079,0.807059458104816,0
2022-04-27,0.615038128420973,0.807059458104816,1
2022-04-28,0.58061615438011,0.807059458104816,0
2022-04-29,0.649737563415268,0.807059458104816,0
2022-04-30,0.939028442952149,0.807059458104816,0
2022-05-01,0.964647337652323,0.807059458104816,0
2022-05-02,0.585467517111321,0.807059458104816,0
2022-05-03,0.508493122303283,0.807059458104816,0
2022-05-04,0.398408387052422,0.807059458104816,0
2022-05-05,0.371015423831823,0.807059458104816,0
2022-05-06,0.401779958031998,0.807059458104816,0
2022-05-07,0.673010651872794,0.807059458104816,0
2022-05-08,0.618048159370321,0.807059458104816,0
2022-05-09,0.271104256873449,0.807059458104816,0
2022-05-10,0.243921491344843,0.807059458104816,0
2022-05-11,0.198796250827668,0.807059458104816,0
2022-05-12,0.173253027296612,0.807059458104816,0
2022-05-13,0.237615560585037,0.807059458104816,0
2022-05-14,0.41606499317988,0.807059458104816,0
2022-05-15,0.408682850237067,0.807059458104816,0
2022-05-16,0.117575862641361,0.807059458104816,0
2022-05-17,0.0845159696446159,0.807059458104816,0
2022-05-18,0.0628908310923196,0.807059458104816,0
2022-05-19,0.0371458177769498,0.807059458104816,0
2022-05-20,0.0887283313921666,0.807059458104816,0
2022-05-21,0.250160158843212,0.807059458104816,0
2022-05-22,0.232814645299904,0.807059458104816,0
2022-05-23,0.0251393256102783,0.807059458104816,0
2022-05-24,-0.026426372189579,0.807059458104816,0
2022-05-25,-0.0400639984461205,0.807059458104816,0
2022-05-26,0.0156552057475294,0.807059458104816,0
2022-05-27,0.034303944981197,0.807059458104816,0
2022-05-28,0.189413025857076,0.807059458104816,0
2022-05-29,0.170881997330925,0.807059458104816,0
2022-05-30,0.112001419849692,0.807059458104816,0
2022-05-31,-0.0439904913325599,0.807059458104816,0
2022-06-01,-0.0829611434281639,0.807059458104816,0
2022-06-02,-0.060638148538449,0.807059458104816,0
2022-06-03,-0.0350528854689943,0.807059458104816,0
2022-06-04,0.0727280830776177,0.807059458104816,0
2022-06-05,0.0830025462622624,0.807059458104816,0
2022-06-06,-0.0414092636748792,0.807059458104816,0
2022-06-07,-0.125564011641416,0.807059458104816,0
2022-06-08,-0.139941533773775,0.807059458104816,0
2022-06-09,-0.158565049284403,0.807059458104816,0
2022-06-10,-0.13424938027459,0.807059458104816,0
2022-06-11,-0.0153027103292804,0.807059458104816,0
2022-06-12,-0.0106110978439844,0.807059458104816,0
2022-06-13,-0.186336368350591,0.807059458104816,1
2022-06-14,-0.202580445987852,0.807059458104816,0
2022-06-15,-0.220649039591618,0.807059458104816,0
2022-06-16,-0.202639301341611,0.807059458104816,0
2022-06-17,-0.194290249015627,0.807059458104816,0
2022-06-18,-0.104140662873434,0.807059458104816,0
2022-06-19,-0.099474274111177,0.807059458104816,0
2022-06-20,-0.197291872057295,0.807059458104816,0
2022-06-21,-0.233101150865316,0.807059458104816,0
2022-06-22,-0.253633261419246,0.807059458104816,0
2022-06-23,-0.266892531830199,0.807059458104816,0
2022-06-24,-0.24176970368313,0.807059458104816,0
2022-06-25,-0.169646671606303,0.807059458104816,0
2022-06-26,-0.154697411751722,0.807059458104816,0
2022-06-27,-0.276973613138209,0.807059458104816,0
2022-06-28,-0.286272759032004,0.807059458104816,0
2022-06-29,-0.296959209692956,0.807059458104816,0
2022-06-30,-0.304879458727273,0.807059458104816,0
2022-07-01,-0.283851281620238,0.807059458104816,0
2022-07-02,-0.228510433272177,0.807059458104816,0
2022-07-03,-0.221397343375115,0.807059458104816,0
2022-07-04,-0.24958905782529,0.807059458104816,0
2022-07-05,-0.314985763758323,0.807059458104816,0
2022-07-06,-0.323721579837574,0.807059458104816,0
2022-07-07,-0.32385610636045,0.807059458104816,0
2022-07-08,-0.315280040527114,0.807059458104816,0
2022-07-09,-0.247024645982968,0.807059458104816,0
2022-07-10,-0.231293450714171,0.807059458104816,0
2022-07-11,-0.319122454336756,0.807059458104816,0
2022-07-12,-0.328480455584308,0.807059458104816,0
2022-07-13,-0.335559913850651,0.807059458104816,0
2022-07-14,-0.327261308970746,0.807059458104816,0
2022-07-15,-0.317869676092474,0.807059458104816,0
2022-07-16,-0.256483542122678,0.807059458104816,0
2022-07-17,-0.235850536676591,0.807059458104816,0
2022-07-18,-0.327875086231367,0.807059458104816,0
2022-07-19,-0.331868842379244,0.807059458104816,0
2022-07-20,-0.344556375067975,0.807059458104816,0
2022-07-21,-0.339705012336764,0.807059458104816,0
2022-07-22,-0.323040539315515,0.807059458104816,0
2022-07-23,-0.264286080449479,0.807059458104816,0
2022-07-24,-0.247066685521367,0.807059458104816,0
2022-07-25,-0.330733774842479,0.807059458104816,0
2022-07-26,-0.332028592625159,0.807059458104816,0
2022-07-27,-0.337796417293462,0.807059458104816,0
2022-07-28,-0.340444908212581,0.807059458104816,0
2022-07-29,-0.327471506662739,0.807059458104816,0
2022-07-30,-0.272786475113698,0.807059458104816,0
2022-07-31,-0.257542938490326,0.807059458104816,0
2022-08-01,-0.334567780744442,0.807059458104816,0
2022-08-02,-0.348037248847388,0.807059458104816,0
2022-08-03,-0.348222222816342,0.807059458104816,0
2022-08-04,-0.351257477488729,0.807059458104816,0
2022-08-05,-0.332280829855552,0.807059458104816,0
2022-08-06,-0.282850740606349,0.807059458104816,0
2022-08-07,-0.263504145035263,0.807059458104816,0
2022-08-08,-0.338258852215848,0.807059458104816,0
2022-08-09,-0.373824301701157,0.807059458104816,1
2022-08-10,-0.364222471130891,0.807059458104816,0
2022-08-11,-0.367316581157036,0.807059458104816,0
2022-08-12,-0.343942597807354,0.807059458104816,0
2022-08-13,-0.300986597471552,0.807059458104816,0
2022-08-14,-0.282388305683963,0.807059458104816,0
2022-08-15,-0.335080663112906,0.807059458104816,0
2022-08-16,-0.358858226031216,0.807059458104816,0
2022-08-17,-0.360447320582687,0.807059458104816,0
2022-08-18,-0.366332855958507,0.807059458104816,0
2022-08-19,-0.347423471586767,0.807059458104816,0
2022-08-20,-0.292654360960928,0.807059458104816,0
2022-08-21,-0.274089700804058,0.807059458104816,0
2022-08-22,-0.361464677411936,0.807059458104816,0
2022-08-23,-0.364558787438081,0.807059458104816,0
2022-08-24,-0.384376225839233,0.807059458104816,0
2022-08-25,-0.38708357211211,0.807059458104816,0
2022-08-26,-0.369410150169292,0.807059458104816,0
2022-08-27,-0.315263224711754,0.807059458104816,0
2022-08-28,-0.298985515443774,0.807059458104816,0
2022-08-29,-0.374883698068804,0.807059458104816,0
2022-08-30,-0.379844363599852,0.807059458104816,0
2022-08-31,-0.386167110175018,0.807059458104816,0
2022-09-01,-0.392111500904595,0.807059458104816,0
2022-09-02,-0.369309255277135,0.807059458104816,0
2022-09-03,-0.304475879158645,0.807059458104816,0
2022-09-04,-0.29193968880815,0.807059458104816,0
2022-09-05,-0.312337272839204,0.807059458104816,0
2022-09-06,-0.387487151680737,0.807059458104816,0
2022-09-07,-0.386923821866195,0.807059458104816,0
2022-09-08,-0.394852478808191,0.807059458104816,0
2022-09-09,-0.37502663249936,0.807059458104816,0
2022-09-10,-0.303635088390671,0.807059458104816,0
2022-09-11,-0.279664143595727,0.807059458104816,0
2022-09-12,-0.394146214563093,0.807059458104816,0
2022-09-13,-0.398114746987931,0.807059458104816,0
2022-09-14,-0.396761073851493,0.807059458104816,0
2022-09-15,-0.401982384520612,0.807059458104816,0
2022-09-16,-0.38121485255165,0.807059458104816,0
2022-09-17,-0.305030801065508,0.807059458104816,0
2022-09-18,-0.294134152712562,0.807059458104816,0
2022-09-19,-0.381492313505081,0.807059458104816,0
2022-09-20,-0.400914580245285,0.807059458104816,0
2022-09-21,-0.405623008545941,0.807059458104816,0
2022-09-22,-0.409751291216694,0.807059458104816,0
2022-09-23,-0.391522947367013,0.807059458104816,0
2022-09-24,-0.31929061249035,0.807059458104816,0
2022-09-25,-0.309058188844104,0.807059458104816,0
2022-09-26,-0.410121239154603,0.807059458104816,0
2022-09-27,-0.413745047364571,0.807059458104816,0
2022-09-28,-0.417814474681567,0.807059458104816,0
2022-09-29,-0.425785171161962,0.807059458104816,0
2022-09-30,-0.40336128138009,0.807059458104816,0
2022-10-01,-0.338796958307352,0.807059458104816,0
2022-10-02,-0.32712678244787,0.807059458104816,0
2022-10-03,-0.406186338360483,0.807059458104816,0
2022-10-04,-0.422985337904608,0.807059458104816,0
2022-10-05,-0.431864088414415,0.807059458104816,0
2022-10-06,-0.434781632379286,0.807059458104816,0
2022-10-07,-0.426188750730589,0.807059458104816,0
2022-10-08,-0.369376518538573,0.807059458104816,0
2022-10-09,-0.35383870514641,0.807059458104816,0
2022-10-10,-0.430157283155428,0.807059458104816,0
2022-10-11,-0.446207978916055,0.807059458104816,0
2022-10-12,-0.440372890986314,0.807059458104816,0
2022-10-13,-0.462309122122761,0.807059458104816,1
2022-10-14,-0.419151332002645,0.807059458104816,0
2022-10-15,-0.340688737535294,0.807059458104816,0
2022-10-16,-0.330733774842479,0.807059458104816,0
2022-10-17,-0.413316244072905,0.807059458104816,0
2022-10-18,-0.41282858542748,0.807059458104816,0
2022-10-19,-0.417486566282057,0.807059458104816,0
2022-10-20,-0.416536472714246,0.807059458104816,0
2022-10-21,-0.397408482742833,0.807059458104816,0
2022-10-22,-0.339932025844117,0.807059458104816,0
2022-10-23,-0.331423223272218,0.807059458104816,0
2022-10-24,-0.416561696437285,0.807059458104816,0
2022-10-25,-0.420353662800849,0.807059458104816,1
2022-10-26,-0.426583922391537,0.807059458104816,0
2022-10-27,-0.430804692046768,0.807059458104816,0
2022-10-28,-0.412660427273885,0.807059458104816,0
2022-10-29,-0.368291898447886,0.807059458104816,0
2022-10-30,-0.368123740294292,0.807059458104816,0
2022-10-31,-0.424835077594151,0.807059458104816,0
2022-11-01,-0.417974224927482,0.807059458104816,0
2022-11-02,-0.445846438885826,0.807059458104816,0
2022-11-03,-0.445997781224062,0.807059458104816,0
2022-11-04,-0.425263880885818,0.807059458104816,0
2022-11-05,-0.362170941657034,0.807059458104816,0
2022-11-06,-0.359295437230563,0.807059458104816,0
2022-11-07,-0.449764523864586,0.807059458104816,0
2022-11-08,-0.448579008881742,0.807059458104816,0
2022-11-09,-0.447889560452003,0.807059458104816,0
2022-11-10,-0.450470788109684,0.807059458104816,0
2022-11-11,-0.412399782135813,0.807059458104816,0
2022-11-12,-0.362028007226479,0.807059458104816,0
2022-11-13,-0.360867715966674,0.807059458104816,0
2022-11-14,-0.439944087694647,0.807059458104816,0
2022-11-15,-0.433537262042684,0.807059458104816,0
2022-11-16,-0.437060175360496,0.807059458104816,0
2022-11-17,-0.443559487996936,0.807059458104816,0
2022-11-18,-0.426903422883368,0.807059458104816,0
2022-11-19,-0.36819100355573,0.807059458104816,0
2022-11-20,-0.362868797994453,0.807059458104816,0
2022-11-21,-0.442558946983047,0.807059458104816,0
2022-11-22,-0.437152662344973,0.807059458104816,0
2022-11-23,-0.441373432000203,0.807059458104816,0
2022-11-24,-0.43299915595118,0.807059458104816,0
2022-11-25,-0.410407108015714,0.807059458104816,0
2022-11-26,-0.36200278350344,0.807059458104816,0
2022-11-27,-0.356428340711771,0.807059458104816,0
2022-11-28,-0.434680737487129,0.807059458104816,0
2022-11-29,-0.43889309923468,0.807059458104816,0
2022-11-30,-0.435176804040234,0.807059458104816,0
2022-12-01,-0.437514202375202,0.807059458104816,0
2022-12-02,-0.416309459206893,0.807059458104816,0
2022-12-03,-0.356621722588405,0.807059458104816,0
2022-12-04,-0.352821348317161,0.807059458104816,0
2022-12-05,-0.428719530942192,0.807059458104816,0
2022-12-06,-0.385040450545932,0.807059458104816,0
2022-12-07,-0.387276953988744,0.807059458104816,1
2022-12-08,-0.383047776425834,0.807059458104816,0
2022-12-09,-0.344825428113727,0.807059458104816,0
2022-12-10,-0.273627265881672,0.807059458104816,0
2022-12-11,-0.266463728538532,0.807059458104816,0
2022-12-12,-0.349727238291016,0.807059458104816,0
2022-12-13,-0.358446238554909,0.807059458104816,0
2022-12-14,-0.357655895233013,0.807059458104816,0
2022-12-15,-0.367030712295925,0.807059458104816,1
2022-12-16,-0.340932566858006,0.807059458104816,0
2022-12-17,-0.282867556421708,0.807059458104816,0
2022-12-18,-0.274434425018927,0.807059458104816,0
2022-12-19,-0.339435959291012,0.807059458104816,0
2022-12-20,-0.338410194554084,0.807059458104816,0
2022-12-21,-0.342008779041013,0.807059458104816,0
2022-12-22,-0.304879458727273,-0.440533966110141,0
2022-12-23,-0.214923254461714,-0.440533966110141,0
2022-12-24,-0.138285175960866,-0.440533966110141,0
2022-12-25,-0.122570796507428,-0.440533966110141,0
2022-12-26,-0.0620759007516849,-0.440533966110141,0
2022-12-27,-0.0456132175147501,-0.440533966110141,0
2022-12-28,-0.0199522832761777,-0.440533966110141,0
2022-12-29,0.00390935871892991,-0.440533966110141,0
2022-12-30,0.0346991166421449,-0.440533966110141,0
2022-12-31,0.0581319553455857,-0.440533966110141,0
2023-01-01,0.0923689554174949,-0.440533966110141,0
2023-01-02,0.109840587575999,-0.440533966110141,0
2023-01-03,0.0663717048717328,-0.440533966110141,0
2023-01-04,0.084120797983668,-0.440533966110141,0
2023-01-05,0.0791517245449406,0.807059458104816,0
2023-01-06,0.123764082693651,0.807059458104816,0
2023-01-07,0.21503192055725,0.807059458104816,0
2023-01-08,0.236900888432259,0.807059458104816,0
2023-01-09,0.0194051325726943,0.807059458104816,0
2023-01-10,0.00453154388723081,0.807059458104816,0
2023-01-11,-0.013949037192842,0.807059458104816,0
2023-01-12,-0.0417792116127878,0.807059458104816,0
2023-01-13,-0.000193700228784162,0.807059458104816,0
2023-01-14,0.141361833467351,0.807059458104816,0
2023-01-15,0.15671467289056,0.807059458104816,0
2023-01-16,-0.0196580065073868,0.807059458104816,0
2023-01-17,-0.0716777313219502,0.807059458104816,0
2023-01-18,-0.0888046392655845,0.807059458104816,0
2023-01-19,-0.0932776461512072,0.807059458104816,0
2023-01-20,-0.0735863263652516,0.807059458104816,0
2023-01-21,0.0491186783129023,0.807059458104816,0
2023-01-22,0.0766041285179788,0.807059458104816,0
2023-01-23,-0.110370922464123,0.807059458104816,0
2023-01-24,-0.121360057801545,0.807059458104816,0
2023-01-25,-0.119653252542558,0.807059458104816,0
2023-01-26,-0.125959183302364,0.807059458104816,0
2023-01-27,-0.0955898207631363,0.807059458104816,0
2023-01-28,0.0361368688553808,0.807059458104816,0
2023-01-29,0.0567194268553891,0.807059458104816,0
2023-01-30,-0.136628818147957,0.807059458104816,0
2023-01-31,-0.137545280085049,0.807059458104816,0
2023-02-01,-0.143304696845672,0.807059458104816,0
2023-02-02,-0.152132999909401,0.807059458104816,0
2023-02-03,-0.105385033210036,0.807059458104816,0
2023-02-04,0.016546443961582,0.807059458104816,0
2023-02-05,0.0288892524354432,0.807059458104816,0
2023-02-06,-0.156437848641429,0.807059458104816,0
2023-02-07,-0.176557971719051,0.807059458104816,0
2023-02-08,-0.19094390175909,0.807059458104816,0
2023-02-09,-0.196669686888994,0.807059458104816,0
2023-02-10,-0.162474726355483,0.807059458104816,0
2023-02-11,-0.0495313024935099,0.807059458104816,0
2023-02-12,-0.0386514699559238,0.807059458104816,0
2023-02-13,-0.190481466836704,0.807059458104816,0
2023-02-14,-0.212224316096517,0.807059458104816,0
2023-02-15,-0.209088166531973,0.807059458104816,0
2023-02-16,-0.209979404746025,0.807059458104816,0
2023-02-17,-0.167225194194538,0.807059458104816,0
2023-02-18,-0.0594358177402459,0.807059458104816,0
2023-02-19,-0.0590995014330562,0.807059458104816,0
2023-02-20,-0.17530519347477,0.807059458104816,0
2023-02-21,-0.210172786622659,0.807059458104816,0
2023-02-22,-0.210256865699457,0.807059458104816,0
2023-02-23,-0.206860070996841,0.807059458104816,0
2023-02-24,-0.196543568273798,0.807059458104816,0
2023-02-25,-0.0976665739600325,0.807059458104816,0
2023-02-26,-0.0958672817165677,0.807059458104816,0
2023-02-27,-0.238078632211723,0.807059458104816,0
2023-02-28,-0.197989728394713,0.807059458104816,0
2023-03-01,-0.199158427562198,0.807059458104816,0
2023-03-02,-0.195105816060562,0.807059458104816,0
2023-03-03,-0.156496703995187,0.807059458104816,0
2023-03-04,-0.0387271411250415,0.807059458104816,0
2023-03-05,-0.0336067253480786,0.807059458104816,0
2023-03-06,-0.209609456808117,0.807059458104816,0
2023-03-07,-0.206767584012364,0.807059458104816,0
2023-03-08,-0.21404883206302,0.807059458104816,0
2023-03-09,-0.224844585523809,0.807059458104816,0
2023-03-10,-0.181249584204347,0.807059458104816,0
2023-03-11,-0.0690628720335504,0.807059458104816,0
2023-03-12,-0.0604868062002136,0.807059458104816,0
2023-03-13,-0.223356385864495,0.807059458104816,0
2023-03-14,-0.226248706106326,0.807059458104816,0
2023-03-15,-0.23001544874685,0.807059458104816,0
2023-03-16,-0.242248954420875,0.807059458104816,0
2023-03-17,-0.208163296687201,0.807059458104816,0
2023-03-18,-0.113078268736999,0.807059458104816,0
2023-03-19,-0.10948809215775,0.807059458104816,0
2023-03-20,-0.253961169818755,0.807059458104816,0
2023-03-21,-0.261402168115327,0.807059458104816,0
2023-03-22,-0.273736568681509,0.807059458104816,0
2023-03-23,-0.309512215858811,0.807059458104816,1
2023-03-24,-0.246217486845713,0.807059458104816,0
2023-03-25,-0.160103696389796,0.807059458104816,0
2023-03-26,-0.141942615801554,0.807059458104816,0
2023-03-27,-0.27109648567007,0.807059458104816,0
2023-03-28,-0.277209034553242,0.807059458104816,0
2023-03-29,-0.283868097435598,0.807059458104816,0
2023-03-30,-0.286314798570402,0.807059458104816,0
2023-03-31,-0.252624312497677,0.807059458104816,0
2023-04-01,-0.170512686097317,0.807059458104816,0
2023-04-02,-0.162205673309732,0.807059458104816,0
2023-04-03,-0.281211198608799,0.807059458104816,0
2023-04-04,-0.265446371709283,0.807059458104816,0
2023-04-05,-0.282901188052427,0.807059458104816,0
2023-04-06,-0.277629429937229,0.807059458104816,0
2023-04-07,-0.221742067589984,0.807059458104816,0
2023-04-08,-0.195980238459255,0.807059458104816,0
2023-04-09,-0.218412536148807,0.807059458104816,0
2023-04-10,-0.239827477009109,0.807059458104816,0
2023-04-11,-0.30495512989639,0.807059458104816,0
2023-04-12,-0.317146596032016,0.807059458104816,0
2023-04-13,-0.328295481615354,0.807059458104816,0
2023-04-14,-0.296303392893936,0.807059458104816,0
2023-04-15,-0.223474096572011,0.807059458104816,0
2023-04-16,-0.226181442844888,0.807059458104816,0
2023-04-17,-0.3398143151366,0.807059458104816,0
2023-04-18,-0.35156857007288,0.807059458104816,1
2023-04-19,-0.354418850776312,0.807059458104816,0
2023-04-20,-0.358513501816347,0.807059458104816,0
2023-04-21,-0.327471506662739,0.807059458104816,0
2023-04-22,-0.271668223392292,0.807059458104816,0
2023-04-23,-0.250303729978068,0.807059458104816,0
2023-04-24,-0.352350505487096,0.807059458104816,0
2023-04-25,-0.358757331139059,0.807059458104816,0
2023-04-26,-0.386587505559005,0.807059458104816,0
2023-04-27,-0.391934934843321,0.807059458104816,0
2023-04-28,-0.373899972870274,0.807059458104816,0
2023-04-29,-0.310706138749334,0.807059458104816,0
2023-04-30,-0.294789969511582,0.807059458104816,0
2023-05-01,-0.322662183469927,0.807059458104816,0
2023-05-02,-0.393624924286949,0.807059458104816,0
2023-05-03,-0.40207487150509,0.807059458104816,0
2023-05-04,-0.397097390158682,0.807059458104816,0
2023-05-05,-0.376733437758347,0.807059458104816,0
2023-05-06,-0.298977107536094,0.807059458104816,0
2023-05-07,-0.293360625206026,0.807059458104816,0
2023-05-08,-0.368418017063083,0.807059458104816,0
2023-05-09,-0.394331188532047,0.807059458104816,0
2023-05-10,-0.403109044149698,0.807059458104816,0
2023-05-11,-0.409036619063916,0.807059458104816,0
2023-05-12,-0.388269087094953,0.807059458104816,0
2023-05-13,-0.341487488764869,0.807059458104816,0
2023-05-14,-0.340301973782026,0.807059458104816,0
2023-05-15,-0.420782466092515,0.807059458104816,0
2023-05-16,-0.419756701355587,0.807059458104816,0
2023-05-17,-0.421757783383366,0.807059458104816,0
2023-05-18,-0.409457014447903,0.807059458104816,0
2023-05-19,-0.399972894585154,0.807059458104816,0
2023-05-20,-0.35579774763579,0.807059458104816,0
2023-05-21,-0.35187125474935,0.807059458104816,0
2023-05-22,-0.426424172145622,0.807059458104816,0
2023-05-23,-0.430241362232225,0.807059458104816,0
2023-05-24,-0.436900425114581,0.807059458104816,0
2023-05-25,-0.43855678292749,0.807059458104816,0
2023-05-26,-0.416469209452808,0.807059458104816,0
2023-05-27,-0.367383844418474,0.807059458104816,0
2023-05-28,-0.364861472114552,0.807059458104816,0
2023-05-29,-0.37697726708106,0.807059458104816,0
2023-05-30,-0.430838323677487,0.807059458104816,0
2023-05-31,-0.435445857085985,0.807059458104816,0
2023-06-01,-0.441314576646445,0.807059458104816,0
2023-06-02,-0.42812256949693,0.807059458104816,0
2023-06-03,-0.387268546081064,0.807059458104816,0
2023-06-04,-0.379970482215048,0.807059458104816,0
2023-06-05,-0.440919404985497,0.807059458104816,0
2023-06-06,-0.448721943312298,0.807059458104816,0
2023-06-07,-0.45451499170364,0.807059458104816,0
2023-06-08,-0.444660923902983,0.807059458104816,0
2023-06-09,-0.441112786862131,0.807059458104816,0
2023-06-10,-0.403008149257541,0.807059458104816,0
2023-06-11,-0.398291313049206,0.807059458104816,0
2023-06-12,-0.451092973277985,0.807059458104816,0
2023-06-13,-0.459357946527171,0.807059458104816,0
2023-06-14,-0.461333804831911,0.807059458104816,0
2023-06-15,-0.467942420268188,0.807059458104816,0
2023-06-16,-0.451807645430763,0.807059458104816,0
2023-06-17,-0.411920531398067,0.807059458104816,0
2023-06-18,-0.41151695182944,0.807059458104816,0
2023-06-19,-0.454985834533706,0.807059458104816,0
2023-06-20,-0.458517155759197,0.807059458104816,0
2023-06-21,-0.45810516828289,0.807059458104816,0
2023-06-22,-0.458264918528805,0.807059458104816,0
2023-06-23,-0.44800727115952,0.807059458104816,0
2023-06-24,-0.418176014711795,0.807059458104816,0
2023-06-25,-0.402907254365384,0.807059458104816,0
2023-06-26,-0.452429830599064,0.807059458104816,0
2023-06-27,-0.451210683985502,0.807059458104816,0
2023-06-28,-0.459198196281256,0.807059458104816,0
2023-06-29,-0.460585501048414,-0.440533966110141,0
2023-06-30,-0.370250940937266,-0.440533966110141,0
2023-07-01,-0.291267056193771,-0.440533966110141,0
2023-07-02,-0.254684249879213,-0.440533966110141,0
2023-07-03,-0.287887077306514,-0.440533966110141,0
2023-07-04,-0.270945143331834,-0.440533966110141,0
2023-07-05,-0.282741437806512,-0.440533966110141,0
2023-07-06,-0.285499231525468,-0.440533966110141,0
2023-07-07,-0.264656028387387,-0.440533966110141,0
2023-07-08,-0.211803920712529,-0.440533966110141,0
2023-07-09,-0.194929249999287,-0.440533966110141,0
2023-07-10,-0.255398922031991,-0.440533966110141,0
2023-07-11,-0.252153469667611,-0.440533966110141,0
2023-07-12,-0.24989174250176,-0.440533966110141,0
2023-07-13,-0.24698260644457,0.807059458104816,0
2023-07-14,-0.241946269744404,0.807059458104816,0
2023-07-15,-0.198981861500923,0.807059458104816,0
2023-07-16,-0.183864443492747,0.807059458104816,0
2023-07-17,-0.252405706898003,0.807059458104816,0
2023-07-18,-0.255247579693756,0.807059458104816,0
2023-07-19,-0.271222604285266,0.807059458104816,0
2023-07-20,-0.280446079009943,0.807059458104816,0
2023-07-21,-0.28020224968723,0.807059458104816,0
2023-07-22,-0.23851584341107,0.807059458104816,0
2023-07-23,-0.228140485334268,0.807059458104816,0
2023-07-24,-0.290770989640666,0.807059458104816,0
2023-07-25,-0.297514131599819,0.807059458104816,0
2023-07-26,-0.3039966284209,0.807059458104816,0
2023-07-27,-0.301095900271389,0.807059458104816,1
2023-07-28,-0.287887077306514,0.807059458104816,0
2023-07-29,-0.243140192634928,0.807059458104816,0
2023-07-30,-0.235926207845709,0.807059458104816,0
2023-07-31,-0.299086410335931,0.807059458104816,0
2023-08-01,-0.303685535836749,0.807059458104816,0
2023-08-02,-0.31017644056551,0.807059458104816,0
2023-08-03,-0.316154462925807,0.807059458104816,0
2023-08-04,-0.32190547177875,0.807059458104816,0
2023-08-05,-0.281345725131675,0.807059458104816,0
2023-08-06,-0.273417068189678,0.807059458104816,0
2023-08-07,-0.33101964370359,0.807059458104816,0
2023-08-08,-0.338561536892319,0.807059458104816,0
2023-08-09,-0.350467134166834,0.807059458104816,0
2023-08-10,-0.357143012864549,0.807059458104816,0
2023-08-11,-0.350668923951147,0.807059458104816,0
2023-08-12,-0.314826013512407,0.807059458104816,0
2023-08-13,-0.305030801065508,0.807059458104816,0
2023-08-14,-0.35481402243726,0.807059458104816,0
2023-08-15,-0.35414979773056,0.807059458104816,0
2023-08-16,-0.379096059816355,0.807059458104816,0
2023-08-17,-0.381912708889068,0.807059458104816,0
2023-08-18,-0.374084946839229,0.807059458104816,0
2023-08-19,-0.339023971814705,0.807059458104816,0
2023-08-20,-0.323990632883326,0.807059458104816,0
2023-08-21,-0.376809108927465,0.807059458104816,0
2023-08-22,-0.377792834125995,0.807059458104816,0
2023-08-23,-0.378658848617008,0.807059458104816,0
2023-08-24,-0.38381289602469,0.807059458104816,0
2023-08-25,-0.374833250622726,0.807059458104816,0
2023-08-26,-0.338569944799999,0.807059458104816,0
2023-08-27,-0.325714253957673,0.807059458104816,0
2023-08-28,-0.379348297046747,0.807059458104816,0
2023-08-29,-0.380769233444623,0.807059458104816,0
2023-08-30,-0.389496641616196,0.807059458104816,0
2023-08-31,-0.398661260987114,0.807059458104816,0
2023-09-01,-0.387773020541849,0.807059458104816,0
2023-09-02,-0.350374647182356,0.807059458104816,0
2023-09-03,-0.34668357571095,0.807059458104816,0
2023-09-04,-0.388681074571261,0.807059458104816,0
2023-09-05,-0.409473830263263,0.807059458104816,0
2023-09-06,-0.420042570216698,0.807059458104816,0
2023-09-07,-0.419033621295129,0.807059458104816,0
2023-09-08,-0.404269335409502,0.807059458104816,0
2023-09-09,-0.36362550968563,0.807059458104816,0
2023-09-10,-0.354864469883339,0.807059458104816,0
2023-09-11,-0.419050437110489,0.807059458104816,0
2023-09-12,-0.423943839380098,0.807059458104816,0
2023-09-13,-0.423927023564739,0.807059458104816,0
2023-09-14,-0.430384296662781,0.807059458104816,0
2023-09-15,-0.413198533365388,0.807059458104816,0
2023-09-16,-0.36719046254184,0.807059458104816,0
2023-09-17,-0.357008486341673,0.807059458104816,0
2023-09-18,-0.426382132607224,0.807059458104816,0
2023-09-19,-0.431805233060657,0.807059458104816,0
2023-09-20,-0.435387001732227,0.807059458104816,0
2023-09-21,-0.438018676835986,0.807059458104816,0
2023-09-22,-0.425062091101504,0.807059458104816,0
2023-09-23,-0.375976726067171,0.807059458104816,0
2023-09-24,-0.378120742525505,0.807059458104816,0
2023-09-25,-0.438775388527163,0.807059458104816,0
2023-09-26,-0.44506450347161,0.807059458104816,0
2023-09-27,-0.448410850728147,0.807059458104816,0
2023-09-28,-0.458533971574557,0.807059458104816,0
2023-09-29,-0.452825002260012,0.807059458104816,0
2023-09-30,-0.410407108015714,0.807059458104816,0
2023-10-01,-0.397046942712604,0.807059458104816,0
2023-10-02,-0.455750954132562,0.807059458104816,0
2023-10-03,-0.448923733096612,0.807059458104816,0
2023-10-04,-0.454733597303313,0.807059458104816,0
2023-10-05,-0.45257276502962,-0.606879756005469,0
2023-10-06,-0.364659682330238,-0.606879756005469,0
2023-10-07,-0.248908017303231,-0.606879756005469,0
2023-10-08,-0.188244963393892,-0.606879756005469,0
2023-10-09,-0.240214240762377,-0.606879756005469,0
2023-10-10,-0.238944646702736,-0.606879756005469,0
2023-10-11,-0.23685948559816,-0.606879756005469,0
2023-10-12,-0.213569581325275,-0.606879756005469,0
2023-10-13,-0.189657491884089,-0.606879756005469,0
2023-10-14,-0.0987764177737585,-0.606879756005469,0
2023-10-15,-0.0998610378644452,-0.606879756005469,0
2023-10-16,-0.180955307435556,-0.606879756005469,0
2023-10-17,-0.172850084432285,-0.606879756005469,0
2023-10-18,-0.175540614889802,-0.606879756005469,0
2023-10-19,-0.171277805696173,0.807059458104816,0
2023-10-20,-0.150392563019694,0.807059458104816,0
2023-10-21,-0.0934037647664034,0.807059458104816,0
2023-10-22,-0.106587364008239,0.807059458104816,0
2023-10-23,-0.198494202855498,0.807059458104816,0
2023-10-24,-0.209071350716613,0.807059458104816,0
2023-10-25,-0.21961486694701,0.807059458104816,0
2023-10-26,-0.233235677388192,0.807059458104816,0
2023-10-27,-0.218563878487042,0.807059458104816,0
2023-10-28,-0.179265317991928,0.807059458104816,0
2023-10-29,-0.184890208229675,0.807059458104816,0
2023-10-30,-0.268649784535265,0.807059458104816,0
2023-10-31,-0.277015652676608,0.807059458104816,0
2023-11-01,-0.270785393085919,0.807059458104816,0
2023-11-02,-0.280597421348178,0.807059458104816,0
2023-11-03,-0.276670928461739,0.807059458104816,0
2023-11-04,-0.226912930813026,0.807059458104816,0
2023-11-05,-0.240146977500939,0.807059458104816,0
2023-11-06,-0.316162870833486,0.807059458104816,0
2023-11-07,-0.327681704354733,0.807059458104816,0
2023-11-08,-0.341033461750163,0.807059458104816,0
2023-11-09,-0.341832212979739,0.807059458104816,0
2023-11-10,-0.320652693534469,0.807059458104816,0
2023-11-11,-0.267270887675787,0.807059458104816,0
2023-11-12,-0.271104893577749,0.807059458104816,0
2023-11-13,-0.356470380250169,0.807059458104816,0
2023-11-14,-0.35710938123383,0.807059458104816,0
2023-11-15,-0.35971583261455,0.807059458104816,0
2023-11-16,-0.370704967951972,0.807059458104816,0
2023-11-17,-0.347515958571244,0.807059458104816,0
2023-11-18,-0.289467763950306,0.807059458104816,0
2023-11-19,-0.298262435383316,0.807059458104816,0
2023-11-20,-0.368804780816351,0.807059458104816,0
2023-11-21,-0.375842199544295,0.807059458104816,0
2023-11-22,-0.375749712559818,0.807059458104816,0
2023-11-23,-0.374993000868641,0.807059458104816,0
2023-11-24,-0.355486655051639,0.807059458104816,0
2023-11-25,-0.310605243857177,0.807059458104816,0
2023-11-26,-0.309032965121065,0.807059458104816,0
2023-11-27,-0.382476038703611,0.807059458104816,0
2023-11-28,-0.382164946119461,0.807059458104816,0
2023-11-29,-0.377279951757531,0.807059458104816,0
2023-11-30,-0.379768692430734,0.807059458104816,0
2023-12-01,-0.359244989784484,0.807059458104816,0
2023-12-02,-0.305829552295084,0.807059458104816,0
2023-12-03,-0.30529985411126,0.807059458104816,0
2023-12-04,-0.378061887171747,0.807059458104816,0
2023-12-05,-0.383695185317174,0.807059458104816,0
2023-12-06,-0.38478821331554,0.807059458104816,0
2023-12-07,-0.392372146042667,0.807059458104816,0
2023-12-08,-0.371629837796744,0.807059458104816,0
2023-12-09,-0.32515933205081,0.807059458104816,0
2023-12-10,-0.32223338017826,0.807059458104816,0
2023-12-11,-0.390396287737928,0.807059458104816,0
2023-12-12,-0.390160866322895,0.807059458104816,0
2023-12-13,-0.390614893337601,0.807059458104816,0
2023-12-14,-0.393297015887439,0.807059458104816,0
2023-12-15,-0.377893729018152,0.807059458104816,0
2023-12-16,-0.323057355130875,0.807059458104816,0
2023-12-17,-0.327059519186432,0.807059458104816,0
2023-12-18,-0.39001793189234,0.807059458104816,0
2023-12-19,-0.38413239651652,0.807059458104816,0
2023-12-20,-0.388311126633352,0.807059458104816,0
2023-12-21,-0.382551709872729,-0.85639844084846,0
2023-12-22,-0.245528038415974,-0.85639844084846,0
2023-12-23,-0.136174791133251,-0.85639844084846,0
2023-12-24,-0.10003760392572,-0.85639844084846,0
2023-12-25,-0.0815317991226077,-0.85639844084846,0
2023-12-26,-0.026426372189579,-0.85639844084846,0
2023-12-27,-0.0116873100269914,-0.85639844084846,0
2023-12-28,0.0102152894787364,-0.85639844084846,0
2023-12-29,0.0375073578071787,-0.85639844084846,0
2023-12-30,0.0815059386952683,-0.85639844084846,0
2023-12-31,0.0563662947328399,-0.85639844084846,0
2024-01-01,0.0751411525817037,-0.85639844084846,0
2024-01-02,0.0922512447099785,-0.85639844084846,0
2024-01-03,0.0937562601846523,-0.85639844084846,0
2024-01-04,0.0876689350245192,0.807059458104816,0
2024-01-05,0.113237382278614,0.807059458104816,0
2024-01-06,0.170772694531089,0.807059458104816,0
2024-01-07,0.145111760292516,0.807059458104816,0
2024-01-08,0.00286677816664191,0.807059458104816,0
2024-01-09,-0.0143442088537899,0.807059458104816,0
2024-01-10,-0.0463615212982472,0.807059458104816,0
2024-01-11,-0.0732836416887809,0.807059458104816,1
2024-01-12,-0.0307816683676854,0.807059458104816,0
2024-01-13,0.0677926412696092,0.807059458104816,0
2024-01-14,0.0655309141037586,0.807059458104816,0
2024-01-15,-0.0654895112696601,0.807059458104816,0
2024-01-16,-0.0701138604935182,0.807059458104816,0
2024-01-17,-0.0651700107778299,0.807059458104816,0
2024-01-18,-0.0762684489150893,0.807059458104816,0
2024-01-19,-0.0523815831969424,0.807059458104816,0
2024-01-20,0.0345898138423083,0.807059458104816,0
2024-01-21,0.0252654442254744,0.807059458104816,0
2024-01-22,-0.128489963513966,0.807059458104816,0
2024-01-23,-0.145230107704333,0.807059458104816,0
2024-01-24,-0.157875600854665,0.807059458104816,0
2024-01-25,-0.174867982275423,0.807059458104816,0
2024-01-26,-0.164332873952706,0.807059458104816,0
2024-01-27,-0.0729473253815912,0.807059458104816,0
2024-01-28,-0.062462664504953,0.807059458104816,0
2024-01-29,-0.195753224951902,0.807059458104816,0
2024-01-30,-0.196291331043406,0.807059458104816,0
2024-01-31,-0.207843796195371,0.807059458104816,0
2024-02-01,-0.226408456352241,0.807059458104816,0
2024-02-02,-0.198300820978864,0.807059458104816,0
2024-02-03,-0.112447675661019,0.807059458104816,0
2024-02-04,-0.0894856797876436,0.807059458104816,0
2024-02-05,-0.228443170010739,0.807059458104816,0
2024-02-06,-0.244788142540157,0.807059458104816,0
2024-02-07,-0.250774572808133,0.807059458104816,0
2024-02-08,-0.261091075531177,0.807059458104816,0
2024-02-09,-0.260174613594085,0.807059458104816,0
2024-02-10,-0.173842217538495,0.807059458104816,0
2024-02-11,-0.143985737367731,0.807059458104816,0
2024-02-12,-0.26229340632938,0.807059458104816,0
2024-02-13,-0.255264395509116,0.807059458104816,0
2024-02-14,-0.284280084911905,0.807059458104816,0
2024-02-15,-0.279260564027099,0.807059458104816,0
2024-02-16,-0.251295863084277,0.807059458104816,0
2024-02-17,-0.178390895593235,0.807059458104816,0
2024-02-18,-0.163996557645517,0.807059458104816,0
2024-02-19,-0.269658733456834,0.807059458104816,0
2024-02-20,-0.276376651692948,0.807059458104816,0
2024-02-21,-0.209861694038509,0.807059458104816,0
2024-02-22,-0.071879521106264,0.807059458104816,0
2024-02-23,0.0220620313994928,0.807059458104816,0
2024-02-24,0.186646824230441,0.807059458104816,0
2024-02-25,0.251387713364454,0.807059458104816,0
2024-02-26,0.0583673767606185,0.807059458104816,0
2024-02-27,0.0634541609068624,0.807059458104816,0
2024-02-28,0.0706765536037607,0.807059458104816,0
2024-02-29,0.052095077631531,0.807059458104816,0
2024-03-01,0.113178526924856,0.807059458104816,0
2024-03-02,0.279806441321982,0.807059458104816,0
2024-03-03,0.283085525317081,0.807059458104816,0
2024-03-04,0.043199511306364,0.807059458104816,0
2024-03-05,0.0439646309052205,0.807059458104816,0
2024-03-06,0.0220283997687738,0.807059458104816,0
2024-03-07,0.0161008248545557,0.807059458104816,0
2024-03-08,0.082363545278602,0.807059458104816,0
2024-03-09,0.222414063500064,0.807059458104816,0
2024-03-10,0.233260264406931,0.807059458104816,0
2024-03-11,0.00517895277857094,0.807059458104816,0
2024-03-12,0.00101703847709868,0.807059458104816,0
2024-03-13,-0.0214572987508515,0.807059458104816,0
2024-03-14,-0.0450162560694885,0.807059458104816,0
2024-03-15,0.0230625724133821,0.807059458104816,0
2024-03-16,0.155133986246768,0.807059458104816,0
2024-03-17,0.15768158227373,0.807059458104816,0
2024-03-18,-0.0700129656013613,0.807059458104816,0
2024-03-19,-0.0652709056699868,0.807059458104816,0
2024-03-20,-0.0783536100196653,0.807059458104816,0
2024-03-21,-0.105368217394676,0.807059458104816,0
2024-03-22,-0.0744691566716245,0.807059458104816,0
2024-03-23,0.0806315162965751,0.807059458104816,0
2024-03-24,0.0843141798603021,0.807059458104816,0
2024-03-25,-0.0903180626479381,0.807059458104816,0
2024-03-26,-0.103711859581767,0.807059458104816,0
2024-03-27,-0.124975458103834,0.807059458104816,0
2024-03-28,-0.115777207102197,0.807059458104816,0
2024-03-29,-0.0291505342778154,0.807059458104816,0
2024-03-30,-0.00190050548777178,0.807059458104816,0
2024-03-31,-0.0201288493374523,0.807059458104816,0
2024-04-01,-0.0529533209191649,0.807059458104816,0
2024-04-02,-0.148635310314628,0.807059458104816,0
2024-04-03,-0.144885383489463,0.807059458104816,0
2024-04-04,-0.153015830215774,0.807059458104816,0
2024-04-05,-0.132475311754164,0.807059458104816,0
2024-04-06,-0.047538628373411,0.807059458104816,0
2024-04-07,-0.00903041120019294,0.807059458104816,0
2024-04-08,-0.159162010729665,0.807059458104816,0
2024-04-09,-0.163298701308098,0.807059458104816,0
2024-04-10,-0.179097159838333,0.807059458104816,0
2024-04-11,-0.205439134598965,0.807059458104816,0
2024-04-12,-0.17170660898784,0.807059458104816,0
2024-04-13,-0.0855928185319231,0.807059458104816,0
2024-04-14,-0.081489759584209,0.807059458104816,0
2024-04-15,-0.215949019198642,0.807059458104816,0
2024-04-16,-0.216882296951094,0.807059458104816,0
2024-04-17,-0.22740899736613,0.807059458104816,0
2024-04-18,-0.236792222336722,0.807059458104816,0
2024-04-19,-0.198704400547491,0.807059458104816,0
2024-04-20,-0.10720954917654,0.807059458104816,0
2024-04-21,-0.10197983059974,0.807059458104816,0
2024-04-22,-0.234572534709271,0.807059458104816,0
2024-04-23,-0.232470557789335,0.807059458104816,0
2024-04-24,-0.252758839020552,0.807059458104816,0
2024-04-25,-0.25447405218722,0.807059458104816,0
2024-04-26,-0.231907227974792,0.807059458104816,0
2024-04-27,-0.176448668919215,0.807059458104816,0
2024-04-28,-0.144700409520509,0.807059458104816,0
2024-04-29,-0.266715965768924,0.807059458104816,0
2024-04-30,-0.264773739094904,0.807059458104816,0
2024-05-01,-0.215797676860407,0.807059458104816,0
2024-05-02,-0.282859148514029,0.807059458104816,0
2024-05-03,-0.251648995206826,0.807059458104816,0
2024-05-04,-0.177272643871829,0.807059458104816,0
2024-05-05,-0.153881844706787,0.807059458104816,0
2024-05-06,-0.253179234404539,0.807059458104816,0
2024-05-07,-0.266539399707649,0.807059458104816,0
2024-05-08,-0.279437130088374,0.807059458104816,0
2024-05-09,-0.251884416621859,0.807059458104816,0
2024-05-10,-0.249479755025453,0.807059458104816,0
2024-05-11,-0.174683008306469,0.807059458104816,0
2024-05-12,-0.162499950078523,0.807059458104816,0
2024-05-13,-0.260847246208464,0.807059458104816,0
2024-05-14,-0.244266852264013,0.807059458104816,0
2024-05-15,-0.24827742422725,0.807059458104816,0
2024-05-16,-0.251438797514833,0.807059458104816,0
2024-05-17,-0.210601589914326,0.807059458104816,0
2024-05-18,-0.105048716902846,0.807059458104816,0
2024-05-19,-0.0847604356716286,0.807059458104816,0
2024-05-20,-0.148786652652864,0.807059458104816,0
2024-05-21,-0.187740488933108,0.807059458104816,0
2024-05-22,-0.147727256285216,0.807059458104816,0
2024-05-23,-0.164341281860386,0.807059458104816,0
2024-05-24,-0.0950180830409138,0.807059458104816,0
2024-05-25,0.00551526908576062,0.807059458104816,0
2024-05-26,0.0337322072589746,0.807059458104816,0
2024-05-27,-0.00982075452208869,0.807059458104816,0
2024-05-28,-0.0769494894371484,0.807059458104816,0
2024-05-29,-0.0818765233374772,0.807059458104816,0
2024-05-30,-0.04366258293305,0.807059458104816,0
2024-05-31,-0.0252072255760164,0.807059458104816,0
2024-06-01,0.0972875814101439,0.807059458104816,0
2024-06-02,0.136157338613591,0.807059458104816,0
2024-06-03,-0.0298736143382732,0.807059458104816,0
2024-06-04,-0.00692002637257772,0.807059458104816,0
2024-06-05,0.0865422753954337,0.807059458104816,0
2024-06-06,0.123049410540873,0.807059458104816,0
2024-06-07,0.180971486546615,0.807059458104816,0
2024-06-08,0.356503375176588,0.807059458104816,0
2024-06-09,0.455523303920909,0.807059458104816,0
2024-06-10,0.233377975114447,0.807059458104816,0
2024-06-11,0.273004444009071,0.807059458104816,0
2024-06-12,0.312227333335067,0.807059458104816,0
2024-06-13,0.326613263375105,0.807059458104816,0
2024-06-14,0.417183244901286,0.807059458104816,0
2024-06-15,0.687665634958584,0.807059458104816,0
2024-06-16,0.804855052198827,0.807059458104816,0
2024-06-17,0.677836790880966,0.807059458104816,0
2024-06-18,0.765472412626916,0.807059458104816,0
2024-06-19,0.973912851915398,0.807059458104816,0
2024-06-20,4.0307674391315,0.807059458104816,1
2024-06-21,5.55712218349649,0.807059458104816,0
2024-06-22,5.90675661645088,0.807059458104816,0
2024-06-23,5.77977198676374,0.807059458104816,0
2024-06-24,4.65483597875266,0.807059458104816,0
2024-06-25,4.15385079965524,0.807059458104816,0
2024-06-26,3.80826897820249,0.807059458104816,1
2024-06-27,3.41009569421295,-0.440533966110141,0
2024-06-28,3.3420084578224,-0.440533966110141,0
2024-06-29,3.70808875819836,-0.440533966110141,0
2024-06-30,3.82413469999416,-0.440533966110141,0
2024-07-01,2.96556961518499,-0.440533966110141,0
2024-07-02,2.79007976609342,-0.440533966110141,0
2024-07-03,2.61950013508681,-0.440533966110141,0
2024-07-04,2.34680646530974,-0.440533966110141,1
2024-07-05,2.36937328952217,-0.440533966110141,0
2024-07-06,2.72609558865058,-0.440533966110141,0
2024-07-07,2.6914718248254,-0.440533966110141,0
2024-07-08,1.97142701903998,-0.440533966110141,0
2024-07-09,1.88166419665106,-0.440533966110141,0
2024-07-10,1.71058009118367,-0.440533966110141,0
2024-07-11,1.6229528773454,0.807059458104816,0
2024-07-12,1.72277155731929,0.807059458104816,0
2024-07-13,2.02828969867808,0.807059458104816,0
2024-07-14,2.02605319523527,0.807059458104816,0
2024-07-15,1.44034993835676,0.807059458104816,0
2024-07-16,1.35457246420804,0.807059458104816,0
2024-07-17,1.22543541015488,0.807059458104816,0
2024-07-18,1.08541852356414,0.807059458104816,0
2024-07-19,1.12100919677248,0.807059458104816,0
2024-07-20,1.35515260983794,0.807059458104816,0
2024-07-21,1.37827435595723,0.807059458104816,0
2024-07-22,0.941693749686627,0.807059458104816,0
2024-07-23,0.903589112082037,0.807059458104816,0
2024-07-24,0.847054340843452,0.807059458104816,0
2024-07-25,0.773089976984762,0.807059458104816,0
2024-07-26,0.809159900930855,0.807059458104816,0
2024-07-27,0.976914474957066,0.807059458104816,0
2024-07-28,0.96767418441703,0.807059458104816,0
2024-07-29,0.638824099246963,0.807059458104816,0
2024-07-30,0.524728792032865,0.807059458104816,1
2024-07-31,0.538080549428295,0.807059458104816,0
2024-08-01,0.494678929985467,0.807059458104816,0
2024-08-02,0.523206960742832,0.807059458104816,0
2024-08-03,0.68292357502721,0.807059458104816,0
2024-08-04,0.703783593980649,0.807059458104816,0
2024-08-05,0.413214712476447,0.807059458104816,0
2024-08-06,0.369106828788521,0.807059458104816,0
2024-08-07,0.328992701248472,0.807059458104816,0
2024-08-08,0.299178260616107,0.807059458104816,1
2024-08-09,0.332566062012363,0.807059458104816,0
2024-08-10,0.444214668091656,0.807059458104816,0
2024-08-11,0.461711523973199,0.807059458104816,0
2024-08-12,0.237043822862815,0.807059458104816,0
2024-08-13,0.159674256393829,0.807059458104816,0
2024-08-14,0.192254898652829,0.807059458104816,0
2024-08-15,0.188513379735344,0.807059458104816,0
2024-08-16,0.180979894454295,0.807059458104816,0
2024-08-17,0.302331225996011,0.807059458104816,0
2024-08-18,0.32387228547151,0.807059458104816,0
2024-08-19,0.107889952994299,0.807059458104816,0
2024-08-20,-0.024601856223075,0.807059458104816,0
2024-08-21,-0.0516500952288049,0.807059458104816,0
2024-08-22,-0.0664311969297912,0.807059458104816,0
2024-08-23,-0.040761854783539,0.807059458104816,0
2024-08-24,0.046360884593947,0.807059458104816,0
2024-08-25,0.0705588428962443,0.807059458104816,0
2024-08-26,-0.102147988753335,0.807059458104816,0
2024-08-27,-0.125589235364456,0.807059458104816,0
2024-08-28,-0.148803468468223,0.807059458104816,0
2024-08-29,-0.158741615345678,0.807059458104816,0
2024-08-30,-0.122461493707592,0.807059458104816,0
2024-08-31,-0.0404759859224278,0.807059458104816,0
2024-09-01,-0.0310339055980776,0.807059458104816,0
2024-09-02,-0.101239934723923,0.807059458104816,0
2024-09-03,-0.192020113942097,0.807059458104816,0
2024-09-04,-0.200091705314649,0.807059458104816,0
2024-09-05,-0.212400882157791,0.807059458104816,0
2024-09-06,-0.177070854087515,0.807059458104816,0
2024-09-07,-0.0759069088848604,0.807059458104816,0
2024-09-08,-0.0631689287500513,0.807059458104816,0
2024-09-09,-0.215940611290962,0.807059458104816,0
2024-09-10,-0.231276634898812,0.807059458104816,0
2024-09-11,-0.257517714767286,0.807059458104816,1
2024-09-12,-0.220405210268905,0.807059458104816,0
2024-09-13,-0.189699531422488,0.807059458104816,0
2024-09-14,-0.088333796435519,0.807059458104816,0
2024-09-15,-0.0630848496732539,0.807059458104816,0
2024-09-16,-0.205043962938017,0.807059458104816,0
2024-09-17,-0.229578237547504,0.807059458104816,0
2024-09-18,-0.225954429337535,0.807059458104816,0
2024-09-19,-0.235127456616134,-0.440533966110141,0
2024-09-20,-0.179391436607124,-0.440533966110141,0
2024-09-21,-0.0635220608726005,-0.440533966110141,0
2024-09-22,-0.0378022712802699,-0.440533966110141,0
2024-09-23,-0.17691951174928,-0.440533966110141,0
2024-09-24,-0.179172831007451,-0.440533966110141,0
2024-09-25,-0.191944442772979,-0.440533966110141,0
2024-09-26,-0.200259863468244,0.807059458104816,0
2024-09-27,-0.174598929229671,0.807059458104816,0
2024-09-28,-0.108319392990266,0.807059458104816,0
2024-09-29,-0.101315605893041,0.807059458104816,0
2024-09-30,-0.239348226271364,0.807059458104816,0
2024-10-01,-0.254692657786893,0.807059458104816,0
2024-10-02,-0.265471595432322,0.807059458104816,1
2024-10-03,-0.262259774698661,0.807059458104816,0
2024-10-04,-0.246562211060583,0.807059458104816,0
2024-10-05,-0.169167420868558,0.807059458104816,0
2024-10-06,-0.144195935059724,0.807059458104816,0
2024-10-07,-0.27630938843151,0.807059458104816,0
2024-10-08,-0.269599878103076,0.807059458104816,0
2024-10-09,-0.278983103073668,0.807059458104816,0
2024-10-10,-0.28639046973952,0.807059458104816,0
2024-10-11,-0.26455513349523,0.807059458104816,0
2024-10-12,-0.182964797371015,0.807059458104816,0
2024-10-13,-0.185949604597323,0.807059458104816,0
2024-10-14,-0.287971156383312,0.807059458104816,0
2024-10-15,-0.30301290322237,0.807059458104816,0
2024-10-16,-0.302945639960932,0.807059458104816,0
2024-10-17,-0.317945347261592,0.807059458104816,1
2024-10-18,-0.286844496754226,0.807059458104816,0
2024-10-19,-0.214662609323642,0.807059458104816,0
2024-10-20,-0.207490664072822,0.807059458104816,0
2024-10-21,-0.308990925582667,0.807059458104816,0
2024-10-22,-0.302062809654559,0.807059458104816,0
2024-10-23,-0.309268386536098,0.807059458104816,0
2024-10-24,-0.310714546657014,0.807059458104816,0
2024-10-25,-0.287828221952756,0.807059458104816,0
2024-10-26,-0.232722795019727,0.807059458104816,0
2024-10-27,-0.237548934027899,0.807059458104816,0
2024-10-28,-0.31931583621339,0.807059458104816,0
2024-10-29,-0.327227677340027,0.807059458104816,0
2024-10-30,-0.334214648621892,0.807059458104816,0
2024-10-31,-0.33428191188333,0.807059458104816,0
2024-11-01,-0.310142808934791,0.807059458104816,0
2024-11-02,-0.288290656875142,0.807059458104816,0
2024-11-03,-0.268355507766474,0.807059458104816,0
2024-11-04,-0.35255229527141,0.807059458104816,0
2024-11-05,-0.359564490276314,0.807059458104816,0
2024-11-06,-0.364945551191349,0.807059458104816,0
2024-11-07,-0.372260430872725,0.807059458104816,0
2024-11-08,-0.346406114757518,0.807059458104816,0
2024-11-09,-0.284364163988702,0.807059458104816,0
2024-11-10,-0.282354674053244,0.807059458104816,0
2024-11-11,-0.351518122626801,0.807059458104816,0
2024-11-12,-0.36816577983269,0.807059458104816,0
2024-11-13,-0.36491191956063,0.807059458104816,0
2024-11-14,-0.373664551455242,0.807059458104816,0
2024-11-15,-0.339923617936437,0.807059458104816,0
2024-11-16,-0.286491364631677,0.807059458104816,0
2024-11-17,-0.27662048101566,0.807059458104816,0
2024-11-18,-0.367409068141514,0.807059458104816,0
2024-11-19,-0.367282949526317,0.807059458104816,0
2024-11-20,-0.365979723835957,0.807059458104816,0
2024-11-21,-0.382097682858023,0.807059458104816,0
2024-11-22,-0.354284324253436,0.807059458104816,0
2024-11-23,-0.292965453545078,0.807059458104816,0
2024-11-24,-0.291384766901287,0.807059458104816,0
2024-11-25,-0.378095518802466,0.807059458104816,0
2024-11-26,-0.376363489820439,0.807059458104816,0
2024-11-27,-0.37598513397485,0.807059458104816,0
2024-11-28,-0.371175810782038,0.807059458104816,0
2024-11-29,-0.350088778321245,0.807059458104816,0
2024-11-30,-0.295420562587563,0.807059458104816,0
2024-12-01,-0.297093736215832,0.807059458104816,0
2024-12-02,-0.381349379074526,0.807059458104816,0
2024-12-03,-0.38283757873384,0.807059458104816,0
2024-12-04,-0.388151376387437,0.807059458104816,0
2024-12-05,-0.384813437038579,0.807059458104816,0
2024-12-06,-0.367938766325337,0.807059458104816,0
2024-12-07,-0.311420810902112,0.807059458104816,0
2024-12-08,-0.311235836933158,0.807059458104816,0
2024-12-09,-0.388218639648875,0.807059458104816,0
2024-12-10,-0.393860345701982,0.807059458104816,0
2024-12-11,-0.395298097915218,0.807059458104816,0
2024-12-12,-0.399409564770611,0.807059458104816,0
2024-12-13,-0.3457082584201,0.807059458104816,0
2024-12-14,-0.268750679427422,0.807059458104816,0
2024-12-15,-0.260822022485425,0.807059458104816,0
2024-12-16,-0.350492357889873,0.807059458104816,0
2024-12-17,-0.345060849528759,0.807059458104816,0
2024-12-18,-0.346591088726472,0.807059458104816,0
2024-12-19,-0.344253690391504,0.807059458104816,0
2024-12-20,-0.229031723548321,-0.85639844084846,0
2024-12-21,-0.119745739527035,-0.85639844084846,0
2024-12-22,-0.0802285734322477,-0.85639844084846,0
2024-12-23,-0.116374168547458,-0.85639844084846,0
2024-12-24,-0.101853711984544,-0.85639844084846,0
2024-12-25,-0.11045500154092,-0.85639844084846,0
2024-12-26,-0.0693739646177009,-0.85639844084846,0
2024-12-27,-0.0489763805866469,-0.85639844084846,0
2024-12-28,-0.00040389792077771,-0.85639844084846,0
2024-12-29,0.00945857778755959,-0.85639844084846,0
2024-12-30,-0.0259303056364743,-0.85639844084846,0
2024-12-31,-0.0278557164951352,-0.85639844084846,0
2025-01-01,-0.0271578601577166,-0.85639844084846,0
2025-01-02,-0.032749118764745,-0.85639844084846,0
2025-01-03,-0.00413700893058313,0.807059458104816,0
2025-01-04,0.0435694592442727,0.807059458104816,0
2025-01-05,0.0180010119901774,0.807059458104816,0
2025-01-06,-0.0794466380180317,0.807059458104816,0
2025-01-07,-0.130558308803183,0.807059458104816,0
2025-01-08,-0.139622033281945,0.807059458104816,0
2025-01-09,-0.164509440013981,0.807059458104816,0
2025-01-10,-0.136746528855473,0.807059458104816,0
2025-01-11,-0.0265524908047752,0.807059458104816,0
2025-01-12,-0.0185649785090203,0.807059458104816,0
2025-01-13,-0.180383569713334,0.807059458104816,0
2025-01-14,-0.186311144627552,0.807059458104816,0
2025-01-15,-0.193289708001738,0.807059458104816,0
2025-01-16,-0.208600507886548,0.807059458104816,0
2025-01-17,-0.172967795139801,0.807059458104816,0
2025-01-18,-0.0729557332892709,0.807059458104816,0
2025-01-19,-0.0572245380204738,0.807059458104816,0
2025-01-20,-0.187849791732945,0.807059458104816,0
2025-01-21,-0.201109062143898,0.807059458104816,0
2025-01-22,-0.206464899335893,0.807059458104816,0
2025-01-23,-0.218462983594885,0.807059458104816,0
2025-01-24,-0.194744276030333,0.807059458104816,0
2025-01-25,-0.0997853666953275,0.807059458104816,0
2025-01-26,-0.0659855778227649,0.807059458104816,0
2025-01-27,-0.223289122603057,0.807059458104816,0
2025-01-28,-0.248487621919244,0.807059458104816,0
2025-01-29,-0.250051492747676,0.807059458104816,0
2025-01-30,-0.252136653852252,0.807059458104816,0
2025-01-31,-0.226013284691293,0.807059458104816,0
2025-02-01,-0.127237185269685,0.807059458104816,0
2025-02-02,-0.0993313396806214,0.807059458104816,0
2025-02-03,-0.239970411439665,0.807059458104816,0
2025-02-04,-0.243686706634111,0.807059458104816,0
2025-02-05,-0.245233761647183,0.807059458104816,0
2025-02-06,-0.250354177424146,0.807059458104816,0
2025-02-07,-0.236716551167605,0.807059458104816,0
2025-02-08,-0.130928256741092,0.807059458104816,0
2025-02-09,-0.114087217658569,0.807059458104816,0
2025-02-10,-0.24467883974032,0.807059458104816,0
2025-02-11,-0.244964708601432,0.807059458104816,0
2025-02-12,-0.248504437734603,0.807059458104816,0
2025-02-13,-0.253280129296696,0.807059458104816,0
2025-02-14,-0.227022233612862,0.807059458104816,0
2025-02-15,-0.107293628253337,0.807059458104816,0
2025-02-16,-0.0759153167925401,0.807059458104816,0
2025-02-17,-0.202546814357134,0.807059458104816,0
2025-02-18,-0.20821374413328,0.807059458104816,0
2025-02-19,-0.217042047197009,0.807059458104816,0
2025-02-20,-0.225861942353058,0.807059458104816,0
2025-02-21,-0.191322257604678,0.807059458104816,0
2025-02-22,-0.0908561687394415,0.807059458104816,0
2025-02-23,-0.078101372789273,0.807059458104816,0
2025-02-24,-0.226004876783614,0.807059458104816,0
2025-02-25,-0.231461608867766,0.807059458104816,0
2025-02-26,-0.240071306331822,0.807059458104816,0
2025-02-27,-0.249849702963362,0.807059458104816,0
2025-02-28,-0.241088663161071,0.807059458104816,0
2025-03-01,-0.157253415686364,0.807059458104816,0
2025-03-02,-0.155126215043389,0.807059458104816,0
2025-03-03,-0.2681369021668,0.807059458104816,0
2025-03-04,-0.3020459938392,0.807059458104816,0
2025-03-05,-0.28507883614148,0.807059458104816,0
2025-03-06,-0.301011821194591,0.807059458104816,0
2025-03-07,-0.27532566323298,0.807059458104816,0
2025-03-08,-0.198729624270531,0.807059458104816,0
2025-03-09,-0.185924380874284,0.807059458104816,0
2025-03-10,-0.302575692023023,0.807059458104816,0
2025-03-11,-0.302306638977272,0.807059458104816,0
2025-03-12,-0.305013985250149,0.807059458104816,0
2025-03-13,-0.304997169434789,-0.85639844084846,0
2025-03-14,-0.214780320031158,-0.85639844084846,0
2025-03-15,-0.0844577509951579,-0.85639844084846,0
2025-03-16,-0.0520788985204717,-0.85639844084846,0
2025-03-17,-0.182275348941276,-0.85639844084846,0
2025-03-18,-0.172900531878363,-0.85639844084846,0
2025-03-19,-0.170706067973951,-0.85639844084846,0
2025-03-20,-0.17432987618392,0.807059458104816,0
2025-03-21,-0.131836310770504,0.807059458104816,0
2025-03-22,-0.0341700551626214,0.807059458104816,0
2025-03-23,-0.0268888071119648,0.807059458104816,0
2025-03-24,-0.173320927262351,0.807059458104816,0
2025-03-25,-0.187261238195363,0.807059458104816,0
2025-03-26,-0.200318718822002,0.807059458104816,0
2025-03-27,-0.221313264298318,0.807059458104816,0
2025-03-28,-0.176204839596502,0.807059458104816,0
2025-03-29,-0.0840205397958113,0.807059458104816,0
2025-03-30,-0.0781686360507109,0.807059458104816,0
2025-03-31,-0.20363143444782,0.807059458104816,0
2025-04-01,-0.222069975989494,0.807059458104816,0
2025-04-02,-0.241736072052411,0.807059458104816,0
2025-04-03,-0.23588416830731,0.807059458104816,0
2025-04-04,-0.232344439174139,0.807059458104816,0
2025-04-05,-0.155252333658585,0.807059458104816,0
2025-04-06,-0.133778537444524,0.807059458104816,0
2025-04-07,-0.253675300957644,0.807059458104816,0
2025-04-08,-0.252960628804866,0.807059458104816,0
2025-04-09,-0.26292399940536,0.807059458104816,0
2025-04-10,-0.270541563763207,0.807059458104816,0
2025-04-11,-0.23327771692659,0.807059458104816,0
2025-04-12,-0.15312513301561,0.807059458104816,0
2025-04-13,-0.143203801953515,0.807059458104816,0
2025-04-14,-0.256365831415162,0.807059458104816,0
2025-04-15,-0.260536153624314,0.807059458104816,0
2025-04-16,-0.269826891610429,0.807059458104816,0
2025-04-17,-0.26131808903853,0.807059458104816,0
2025-04-18,-0.199469520146348,0.807059458104816,0
2025-04-19,-0.17986227943719,0.807059458104816,0
2025-04-20,-0.19875484799357,0.807059458104816,0
2025-04-21,-0.210332536868575,0.807059458104816,0
2025-04-22,-0.274695070156999,0.807059458104816,0
2025-04-23,-0.297177815292629,0.807059458104816,0
2025-04-24,-0.296597669662727,0.807059458104816,0
2025-04-25,-0.267312927214186,0.807059458104816,0
2025-04-26,-0.220295907469069,0.807059458104816,0
2025-04-27,-0.204362922415958,0.807059458104816,0
2025-04-28,-0.317516543969925,0.807059458104816,0
2025-04-29,-0.324932318543457,0.807059458104816,0
2025-04-30,-0.324007448698686,0.807059458104816,0
2025-05-01,-0.281488659562231,0.807059458104816,0
2025-05-02,-0.301314505871062,0.807059458104816,0
2025-05-03,-0.24304770565045,0.807059458104816,0
2025-05-04,-0.204404961954357,0.807059458104816,0
2025-05-05,-0.306376066294267,0.807059458104816,0
2025-05-06,-0.321224431256691,0.807059458104816,0
2025-05-07,-0.325630174880876,0.807059458104816,0
2025-05-08,-0.304265681466652,0.807059458104816,0
2025-05-09,-0.279596880334289,0.807059458104816,0
2025-05-10,-0.212678343111223,0.807059458104816,0
2025-05-11,-0.21927014273214,0.807059458104816,0
2025-05-12,-0.317331570000971,0.807059458104816,0
2025-05-13,-0.322628551839208,0.807059458104816,0
2025-05-14,-0.317903307723193,0.807059458104816,0
2025-05-15,-0.324537146882509,0.807059458104816,0
2025-05-16,-0.287744142875959,0.807059458104816,0
2025-05-17,-0.211829144435569,0.807059458104816,0
2025-05-18,-0.205161673645533,0.807059458104816,0
2025-05-19,-0.303609864667632,0.807059458104816,0
2025-05-20,-0.317297938370252,0.807059458104816,0
2025-05-21,-0.316759832278748,0.807059458104816,0
2025-05-22,-0.311765535116981,0.807059458104816,0
2025-05-23,-0.276427099139026,0.807059458104816,0
2025-05-24,-0.200512100698636,0.807059458104816,0
2025-05-25,-0.186882882349774,0.807059458104816,0
2025-05-26,-0.254406788925782,0.807059458104816,0
2025-05-27,-0.277032468491967,0.807059458104816,0
2025-05-28,-0.276511178215823,0.807059458104816,0
2025-05-29,-0.239398673717442,0.807059458104816,0
2025-05-30,-0.294663850896386,0.807059458104816,0
2025-05-31,-0.233479506710904,0.807059458104816,0
2025-06-01,-0.193306523817097,0.807059458104816,0
2025-06-02,-0.283094569929061,0.807059458104816,0
2025-06-03,-0.282766661529551,0.807059458104816,0
2025-06-04,-0.277251074091641,0.807059458104816,0
2025-06-05,-0.279445537996053,0.807059458104816,0
2025-06-06,-0.259451533533627,0.807059458104816,0
2025-06-07,-0.189396846746017,0.807059458104816,0
2025-06-08,-0.171656161541762,0.807059458104816,0
2025-06-09,-0.238751264826102,0.807059458104816,0
2025-06-10,-0.277032468491967,0.807059458104816,0
2025-06-11,-0.282220147530368,0.807059458104816,0
2025-06-12,-0.300053319719101,0.807059458104816,0
2025-06-13,-0.275846953509124,0.807059458104816,0
2025-06-14,-0.214023608339981,0.807059458104816,0
2025-06-15,-0.20037757417576,0.807059458104816,0
2025-06-16,-0.290703726379228,0.807059458104816,0
2025-06-17,-0.299590884796715,0.807059458104816,0
2025-06-18,-0.309823308442961,0.807059458104816,0
2025-06-19,-0.289450948134946,0.807059458104816,0
2025-06-20,-0.293688533605536,0.807059458104816,0
2025-06-21,-0.2473021069364,0.807059458104816,0
2025-06-22,-0.233891494187212,0.807059458104816,0
2025-06-23,-0.314472881389858,0.807059458104816,0
2025-06-24,-0.315759291264859,0.807059458104816,0
2025-06-25,-0.329775273366989,0.807059458104816,0
2025-06-26,-0.34503562580572,-0.85639844084846,0
2025-06-26,-0.34503562580572,-0.85639844084846,0
2025-06-27,-0.272113842499318,-0.85639844084846,0
2025-06-28,-0.19615680452053,-0.85639844084846,0
2025-06-29,-0.170218409328526,-0.85639844084846,0
2025-06-30,-0.240685083592443,-0.85639844084846,0
2025-07-01,-0.231217779545054,-0.85639844084846,0
2025-07-02,-0.246074552415158,-0.85639844084846,0
2025-07-03,-0.250715717454375,-0.85639844084846,0
2025-07-04,-0.214183358585896,-0.85639844084846,0
2025-07-05,-0.165627691735387,-0.85639844084846,0
2025-07-06,-0.139025071836683,-0.85639844084846,0
2025-07-07,-0.21634419085959,-0.85639844084846,0
2025-07-08,-0.216041506183119,-0.85639844084846,0
2025-07-09,-0.22317981980322,-0.85639844084846,0
2025-07-10,-0.228510433272177,0.807059458104816,0
2025-07-11,-0.218177114733774,0.807059458104816,0
2025-07-12,-0.163786359953523,0.807059458104816,0
2025-07-13,-0.152284342247636,0.807059458104816,0
2025-07-14,-0.2231882277109,0.807059458104816,0
2025-07-15,-0.236573616737049,0.807059458104816,0
2025-07-16,-0.250740941177414,0.807059458104816,0
2025-07-17,-0.262915591497681,0.807059458104816,0
2025-07-18,-0.252456154344082,0.807059458104816,0
2025-07-19,-0.202218905957624,0.807059458104816,0
2025-07-20,-0.185049958475591,0.807059458104816,0
2025-07-21,-0.253885498649638,0.807059458104816,0
2025-07-22,-0.257694280828561,0.807059458104816,0
2025-07-23,-0.269759628348991,0.807059458104816,0
2025-07-24,-0.282606911283636,0.807059458104816,0
2025-07-25,-0.270087536748501,0.807059458104816,0
2025-07-26,-0.219850288362042,0.807059458104816,0
2025-07-27,-0.204589935923311,0.807059458104816,0
2025-07-28,-0.266421689000133,0.807059458104816,0
2025-07-29,-0.272778067206018,0.807059458104816,0
2025-07-30,-0.282749845714192,0.807059458104816,0
2025-07-31,-0.304543142420083,0.807059458104816,0
2025-08-01,-0.293352217298347,0.807059458104816,0
2025-08-02,-0.251918048252578,0.807059458104816,0
2025-08-03,-0.233160006219074,0.807059458104816,0
2025-08-04,-0.294125744804883,0.807059458104816,0
2025-08-05,-0.301945098947043,0.807059458104816,0
2025-08-06,-0.311546929517308,0.807059458104816,0
2025-08-07,-0.325932859557347,0.807059458104816,0
2025-08-08,-0.317247490924173,0.807059458104816,0
2025-08-09,-0.278293654643929,0.807059458104816,0
2025-08-10,-0.261805747683955,0.807059458104816,0
2025-08-11,-0.312648365423354,0.807059458104816,0
2025-08-12,-0.312623141700315,0.807059458104816,0
2025-08-13,-0.322771486269764,0.807059458104816,0
2025-08-14,-0.340747592889052,0.807059458104816,0
2025-08-15,-0.324436251990352,0.807059458104816,0
2025-08-16,-0.291704267393117,0.807059458104816,0
2025-08-17,-0.273105975605528,0.807059458104816,0
2025-08-18,-0.329834128720747,0.807059458104816,0
2025-08-19,-0.326748426602282,0.807059458104816,0
2025-08-20,-0.329758457551629,0.807059458104816,0
2025-08-21,-0.341815397164379,0.807059458104816,1
2025-08-22,-0.326437334018131,0.807059458104816,0
2025-08-23,-0.278638378858798,0.807059458104816,0
2025-08-24,-0.261183562515654,0.807059458104816,0
2025-08-25,-0.326664347525484,0.807059458104816,0
2025-08-26,-0.334273503975651,0.807059458104816,0
2025-08-27,-0.339208945783659,0.807059458104816,0
2025-08-28,-0.355965905789385,0.807059458104816,0
2025-08-29,-0.342521661409477,0.807059458104816,0
2025-08-30,-0.29812790886044,0.807059458104816,0
2025-08-31,-0.292915006099,0.807059458104816,0
2025-09-01,-0.34210967393317,0.807059458104816,0
2025-09-02,-0.360934979228112,0.807059458104816,0
2025-09-03,-0.368560951493638,0.807059458104816,0
2025-09-04,-0.387159243281227,0.807059458104816,0
2025-09-05,-0.375909462805733,0.807059458104816,0
2025-09-06,-0.325411569281203,0.807059458104816,0
2025-09-07,-0.321661642456038,0.807059458104816,0
2025-09-08,-0.388168192202796,0.807059458104816,0
2025-09-09,-0.388613811309823,0.807059458104816,0
2025-09-10,-0.39619774403695,0.807059458104816,0
2025-09-11,-0.409372935371106,0.807059458104816,0
2025-09-12,-0.395575558868649,0.807059458104816,0
2025-09-13,-0.348541723308173,0.807059458104816,0
2025-09-14,-0.34177335762598,0.807059458104816,0
2025-09-15,-0.414400864163591,0.807059458104816,0
2025-09-16,-0.414661509301663,0.807059458104816,0
2025-09-17,-0.423666378426667,0.807059458104816,0
2025-09-18,-0.420942216338431,0.807059458104816,0
2025-09-19,-0.408406025987935,0.807059458104816,0
2025-09-20,-0.361582388119452,0.807059458104816,0
2025-09-21,-0.351198622134971,0.807059458104816,0
2025-09-22,-0.418091935634998,0.807059458104816,0
2025-09-23,-0.415880655915226,0.807059458104816,0
2025-09-24,-0.425465670670132,0.807059458104816,0
2025-09-25,-0.434411684441377,0.807059458104816,0
2025-09-26,-0.416200156407056,0.807059458104816,0
2025-09-27,-0.380617891106388,0.807059458104816,0
2025-09-28,-0.368972938969946,0.807059458104816,0
2025-09-29,-0.441768603661151,0.807059458104816,0
2025-09-30,-0.441936761814746,0.807059458104816,0
2025-10-01,-0.446014597039421,0.807059458104816,0
2025-10-02,-0.446662005930761,0.807059458104816,0
2025-10-03,-0.431149416261637,0.807059458104816,0
2025-10-04,-0.395995954252636,0.807059458104816,0
2025-10-05,-0.377868505295113,0.807059458104816,0
2025-10-06,-0.444139633626839,0.807059458104816,0
2025-10-07,-0.440995076154615,0.807059458104816,0
2025-10-08,-0.443475408920139,0.807059458104816,0
2025-10-09,-0.442643026059844,0.807059458104816,0
2025-10-10,-0.42811416158925,0.807059458104816,0
2025-10-11,-0.381021470675016,0.807059458104816,0
2025-10-12,-0.373462761670928,0.807059458104816,0
2025-10-13,-0.431796825152977,0.807059458104816,0
2025-10-14,-0.437219925606411,0.807059458104816,0
2025-10-15,-0.442155367414419,0.807059458104816,0
2025-10-16,-0.44474500297978,0.807059458104816,0
2025-10-17,-0.425020051563105,0.807059458104816,0
2025-10-18,-0.372386549487921,0.807059458104816,0
2025-10-19,-0.366929817403768,0.807059458104816,0
2025-10-20,-0.430005940817192,0.807059458104816,0
2025-10-21,-0.433747459734677,0.807059458104816,0
2025-10-22,-0.438489519666052,0.807059458104816,0
2025-10-23,-0.440599904493667,0.807059458104816,0
2025-10-24,-0.421757783383366,0.807059458104816,0
2025-10-25,-0.379163323077793,0.807059458104816,0
2025-10-26,-0.371722324781221,0.807059458104816,0
2025-10-27,-0.437825294959352,0.807059458104816,0
2025-10-28,-0.439178968095791,0.807059458104816,0
2025-10-29,-0.446258426362134,0.807059458104816,0
2025-10-30,-0.450714617432397,0.807059458104816,0
2025-10-31,-0.432343339152161,0.807059458104816,0
2025-11-01,-0.393011147026328,0.807059458104816,0
2025-11-02,-0.380987839044297,0.807059458104816,0
2025-11-03,-0.445451267224878,0.807059458104816,0
2025-11-04,-0.446224794731415,0.807059458104816,0
2025-11-05,-0.458786208804949,0.807059458104816,0
2025-11-06,-0.457659549175864,0.807059458104816,0
2025-11-07,-0.433285024812292,0.807059458104816,0
2025-11-08,-0.383375684825344,0.807059458104816,0
2025-11-09,-0.3769604512657,0.807059458104816,0
2025-11-10,-0.436076450161966,0.807059458104816,0
2025-11-11,-0.42487711713255,0.807059458104816,0
2025-11-12,-0.439162152280431,0.807059458104816,0
2025-11-13,-0.442357157198733,0.807059458104816,0
2025-11-14,-0.425877658146439,0.807059458104816,0
2025-11-15,-0.36949422924609,0.807059458104816,0
2025-11-16,-0.364811024668473,0.807059458104816,0
2025-11-17,-0.435075909148077,0.807059458104816,0
2025-11-18,-0.429585545433205,0.807059458104816,0
2025-11-19,-0.440608312401347,0.807059458104816,0
2025-11-20,-0.441213681754288,0.807059458104816,0
2025-11-21,-0.421816638737124,0.807059458104816,0
2025-11-22,-0.367947174233017,0.807059458104816,0
2025-11-23,-0.357016894249353,0.807059458104816,0
2025-11-24,-0.434193078841704,0.807059458104816,0
2025-11-25,-0.435092724963436,0.807059458104816,0
2025-11-26,-0.435975555269809,0.807059458104816,0
2025-11-27,-0.428332767188924,0.807059458104816,0
2025-11-28,-0.413190125457708,0.807059458104816,0
2025-11-29,-0.363785259931545,0.807059458104816,0
2025-11-30,-0.363961825992819,0.807059458104816,0
2025-12-01,-0.433285024812292,0.807059458104816,0
2025-12-02,-0.43137642976899,0.807059458104816,0
2025-12-03,-0.43561401523958,0.807059458104816,0
2025-12-04,-0.448806022389095,0.807059458104816,0
2025-12-05,-0.428921320726506,0.807059458104816,0
2025-12-06,-0.381164405105571,0.807059458104816,0
2025-12-07,-0.371217850320437,0.807059458104816,0
2025-12-08,-0.42813097740461,0.807059458104816,0
2025-12-09,-0.432662839643991,0.807059458104816,0
2025-12-10,-0.4356056073319,0.807059458104816,0
2025-12-11,-0.434184670934024,0.807059458104816,0
2025-12-12,-0.42356548353451,0.807059458104816,0
2025-12-13,-0.367888318879259,0.807059458104816,0
2025-12-14,-0.362709047748538,0.807059458104816,0
2025-12-15,-0.431964983306572,0.807059458104816,0
2025-12-16,-0.433083235027978,0.807059458104816,1
2025-12-17,-0.433554077858043,0.807059458104816,0
2025-12-18,-0.433209353643174,-0.648466203479301,0
2025-12-19,-0.35610884021994,-0.648466203479301,0
2025-12-20,-0.288374735951939,-0.648466203479301,0
2025-12-21,-0.266228307123499,-0.648466203479301,0
2025-12-22,-0.297657066030374,-0.648466203479301,0
2025-12-23,-0.289921790965012,-0.648466203479301,0
2025-12-24,-0.281488659562231,-0.648466203479301,0
2025-12-25,-0.284305308634944,-0.648466203479301,0
2025-12-26,-0.25479355267905,-0.648466203479301,0
2025-12-27,-0.221439382913514,-0.648466203479301,0
2025-12-28,-0.212215908188837,-0.648466203479301,0
2025-12-29,-0.245721420292608,-0.648466203479301,0
2025-12-30,-0.243316758696202,-0.648466203479301,0
2025-12-31,-0.2577195045516,-0.648466203479301,0
2026-01-01,-0.222095199712534,-0.648466203479301,0
2026-01-02,-0.203227854879193,-0.648466203479301,0
2026-01-03,-0.190086295175756,-0.648466203479301,0
2026-01-04,-0.178895370054019,-0.648466203479301,0
2026-01-05,-0.254120920064671,0.807059458104816,0
2026-01-06,-0.248512845642283,0.807059458104816,0
2026-01-07,-0.273971990096541,0.807059458104816,0
2026-01-08,-0.290897108255862,0.807059458104816,0
2026-01-09,-0.247175988321204,0.807059458104816,0
2026-01-10,-0.192339614433927,0.807059458104816,0
2026-01-11,-0.188093621055657,0.807059458104816,0
2026-01-12,-0.304257273558972,0.807059458104816,0
2026-01-13,-0.314809197697048,0.807059458104816,0
2026-01-14,-0.319172901782834,0.807059458104816,0
2026-01-15,-0.327841454600648,0.807059458104816,0
2026-01-16,-0.301869427777925,0.807059458104816,0
2026-01-17,-0.224247624078547,0.807059458104816,0
2026-01-18,-0.210887458775438,0.807059458104816,0
2026-01-19,-0.314313131143943,0.807059458104816,0
2026-01-20,-0.324444659898032,0.807059458104816,0
2026-01-21,-0.323696356114535,0.807059458104816,0
2026-01-22,-0.348600578661931,0.807059458104816,0
2026-01-23,-0.328312297430713,0.807059458104816,0
2026-01-24,-0.251354718438036,0.807059458104816,0
2026-01-25,-0.237086499105513,0.807059458104816,0
2026-01-26,-0.340310381689705,0.807059458104816,0
2026-01-27,-0.345498060728106,0.807059458104816,0
2026-01-28,-0.35482243034494,0.807059458104816,0
2026-01-29,-0.364247694853931,0.807059458104816,0
2026-01-30,-0.349525448506702,0.807059458104816,0
2026-01-31,-0.275401334402097,0.807059458104816,0
2026-02-01,-0.267640835613696,0.807059458104816,0
2026-02-02,-0.364045905069617,0.807059458104816,0
2026-02-03,-0.377120201511616,0.807059458104816,0
2026-02-04,-0.375909462805733,0.807059458104816,0
2026-02-05,-0.384300554670115,0.807059458104816,0
2026-02-06,-0.368577767308998,0.807059458104816,0
2026-02-07,-0.30040645184165,0.807059458104816,0
2026-02-08,-0.282741437806512,0.807059458104816,0
2026-02-09,-0.382282656826977,0.807059458104816,0
2026-02-10,-0.385671043621913,0.807059458104816,0
2026-02-11,-0.392069461366197,0.807059458104816,0
2026-02-12,-0.395155163484662,0.807059458104816,0
2026-02-13,-0.385856017590867,0.807059458104816,0
2026-02-14,-0.330119997581858,0.807059458104816,0
2026-02-15,-0.304181602389854,0.807059458104816,0
2026-02-16,-0.374614645023052,0.807059458104816,0
2026-02-17,-0.38969002349283,0.807059458104816,0
2026-02-18,-0.398846234956069,0.807059458104816,0
2026-02-19,-0.399813144339239,0.807059458104816,0
2026-02-20,-0.384199659777958,0.807059458104816,0
2026-02-21,-0.323090986761594,0.807059458104816,0
2026-02-22,-0.301692861716651,0.807059458104816,0
2026-02-23,-0.384435081192991,0.807059458104816,0
2026-02-24,-0.39945160430901,0.807059458104816,0
2026-02-25,-0.400056973661952,0.807059458104816,0
2026-02-26,-0.404042321902149,0.807059458104816,0
2026-02-27,-0.40172173938254,0.807059458104816,0
2026-02-28,-0.339049195537744,0.807059458104816,0
2026-03-01,-0.325916043741987,0.807059458104816,0
2026-03-02,-0.410650937338426,0.807059458104816,0
2026-03-03,-0.413635744564735,0.807059458104816,0
2026-03-04,-0.41901680547977,0.807059458104816,0
2026-03-05,-0.417511790005096,0.807059458104816,0
2026-03-06,-0.403336057657051,0.807059458104816,0
2026-03-07,-0.346843325956865,0.807059458104816,0
2026-03-08,-0.337165824217482,0.807059458104816,0
2026-03-09,-0.409944673093328,0.807059458104816,0
2026-03-10,-0.416267419668494,0.807059458104816,0
2026-03-11,-0.411659886259995,0.807059458104816,0
2026-03-12,-0.416595328068004,0.807059458104816,0
2026-03-13,-0.389143509493647,0.807059458104816,0
